-- phpMyAdmin SQL Dump
-- version 5.2.1
-- https://www.phpmyadmin.net/
--
-- Хост: 127.0.0.1
-- Время создания: Дек 24 2025 г., 01:31
-- Версия сервера: 10.4.32-MariaDB
-- Версия PHP: 8.2.12

SET SQL_MODE = "NO_AUTO_VALUE_ON_ZERO";
START TRANSACTION;
SET time_zone = "+00:00";


/*!40101 SET @OLD_CHARACTER_SET_CLIENT=@@CHARACTER_SET_CLIENT */;
/*!40101 SET @OLD_CHARACTER_SET_RESULTS=@@CHARACTER_SET_RESULTS */;
/*!40101 SET @OLD_COLLATION_CONNECTION=@@COLLATION_CONNECTION */;
/*!40101 SET NAMES utf8mb4 */;

--
-- База данных: `social_network`
--

-- --------------------------------------------------------

--
-- Структура таблицы `comments`
--

CREATE TABLE `comments` (
  `id` int(11) NOT NULL,
  `post_id` int(11) NOT NULL,
  `user_id` int(11) NOT NULL,
  `content` text DEFAULT NULL,
  `created_at` datetime DEFAULT current_timestamp()
) ENGINE=InnoDB DEFAULT CHARSET=utf8mb4 COLLATE=utf8mb4_general_ci;

-- --------------------------------------------------------

--
-- Структура таблицы `friends`
--

CREATE TABLE `friends` (
  `id` int(11) NOT NULL,
  `user_id` int(11) NOT NULL,
  `friend_id` int(11) NOT NULL,
  `status` enum('pending','accepted','blocked') DEFAULT 'pending'
) ENGINE=InnoDB DEFAULT CHARSET=utf8mb4 COLLATE=utf8mb4_general_ci;

-- --------------------------------------------------------

--
-- Структура таблицы `groups`
--

CREATE TABLE `groups` (
  `id` int(11) NOT NULL,
  `name` varchar(100) NOT NULL,
  `created_by` int(11) NOT NULL,
  `created_at` datetime DEFAULT current_timestamp()
) ENGINE=InnoDB DEFAULT CHARSET=utf8mb4 COLLATE=utf8mb4_general_ci;

-- --------------------------------------------------------

--
-- Структура таблицы `likes`
--

CREATE TABLE `likes` (
  `id` int(11) NOT NULL,
  `user_id` int(11) NOT NULL,
  `post_id` int(11) NOT NULL,
  `created_at` datetime DEFAULT current_timestamp()
) ENGINE=InnoDB DEFAULT CHARSET=utf8mb4 COLLATE=utf8mb4_general_ci;

--
-- Дамп данных таблицы `likes`
--

INSERT INTO `likes` (`id`, `user_id`, `post_id`, `created_at`) VALUES
(26, 2, 1, '2025-12-24 05:29:14'),
(37, 3, 2, '2025-12-24 05:29:34'),
(40, 3, 3, '2025-12-24 05:29:37'),
(42, 3, 1, '2025-12-24 05:29:38');

-- --------------------------------------------------------

--
-- Структура таблицы `messages`
--

CREATE TABLE `messages` (
  `id` int(11) NOT NULL,
  `sender_id` int(11) NOT NULL,
  `receiver_id` int(11) NOT NULL,
  `content` text DEFAULT NULL,
  `is_read` tinyint(1) DEFAULT 0,
  `created_at` datetime DEFAULT current_timestamp(),
  `text` text DEFAULT NULL,
  `sent_at` datetime DEFAULT current_timestamp()
) ENGINE=InnoDB DEFAULT CHARSET=utf8mb4 COLLATE=utf8mb4_general_ci;

--
-- Дамп данных таблицы `messages`
--

INSERT INTO `messages` (`id`, `sender_id`, `receiver_id`, `content`, `is_read`, `created_at`, `text`, `sent_at`) VALUES
(1, 2, 1, NULL, 0, '2025-12-24 05:16:47', 'пост фигня', '2025-12-24 05:16:47'),
(2, 2, 1, NULL, 0, '2025-12-24 05:17:12', 'бугагагаг', '2025-12-24 05:17:12'),
(3, 3, 2, NULL, 0, '2025-12-24 05:18:26', 'Zzzzzzzz', '2025-12-24 05:18:26');

-- --------------------------------------------------------

--
-- Структура таблицы `notifications`
--

CREATE TABLE `notifications` (
  `id` int(11) NOT NULL,
  `user_id` int(11) NOT NULL,
  `content` text DEFAULT NULL,
  `is_read` tinyint(1) DEFAULT 0,
  `created_at` datetime DEFAULT current_timestamp()
) ENGINE=InnoDB DEFAULT CHARSET=utf8mb4 COLLATE=utf8mb4_general_ci;

-- --------------------------------------------------------

--
-- Структура таблицы `posts`
--

CREATE TABLE `posts` (
  `id` int(11) NOT NULL,
  `user_id` int(11) NOT NULL,
  `title` varchar(255) DEFAULT NULL,
  `content` text DEFAULT NULL,
  `created_at` datetime DEFAULT current_timestamp()
) ENGINE=InnoDB DEFAULT CHARSET=utf8mb4 COLLATE=utf8mb4_general_ci;

--
-- Дамп данных таблицы `posts`
--

INSERT INTO `posts` (`id`, `user_id`, `title`, `content`, `created_at`) VALUES
(1, 1, NULL, 'БУГАГА', '2025-12-24 01:26:52'),
(2, 2, NULL, 'инфинити надо\r\n', '2025-12-24 01:28:26'),
(3, 2, NULL, '321', '2025-12-24 01:29:46');

-- --------------------------------------------------------

--
-- Структура таблицы `subscriptions`
--

CREATE TABLE `subscriptions` (
  `id` int(11) NOT NULL,
  `user_id` int(11) NOT NULL,
  `group_id` int(11) NOT NULL,
  `joined_at` datetime DEFAULT current_timestamp()
) ENGINE=InnoDB DEFAULT CHARSET=utf8mb4 COLLATE=utf8mb4_general_ci;

-- --------------------------------------------------------

--
-- Структура таблицы `themes`
--

CREATE TABLE `themes` (
  `id` int(11) NOT NULL,
  `name` enum('light','dark') NOT NULL
) ENGINE=InnoDB DEFAULT CHARSET=utf8mb4 COLLATE=utf8mb4_general_ci;

-- --------------------------------------------------------

--
-- Структура таблицы `users`
--

CREATE TABLE `users` (
  `id` int(11) NOT NULL,
  `email` varchar(100) NOT NULL,
  `password_hash` varchar(255) NOT NULL,
  `role` enum('admin','user') DEFAULT 'user',
  `theme_id` int(11) DEFAULT NULL,
  `created_at` datetime DEFAULT current_timestamp(),
  `username` varchar(50) NOT NULL
) ENGINE=InnoDB DEFAULT CHARSET=utf8mb4 COLLATE=utf8mb4_general_ci;

--
-- Дамп данных таблицы `users`
--

INSERT INTO `users` (`id`, `email`, `password_hash`, `role`, `theme_id`, `created_at`, `username`) VALUES
(1, 'wd@gmail.com', '$2y$10$x7OxC29no2ZqlWtgMUXw8OqVqTz/KetRQsgOdWJl2zxTe.vo7dkBu', 'user', NULL, '2025-12-24 01:18:53', 'wdaw'),
(2, 'b@GMAIL.COM', '$2y$10$HlnYwIjPLllVglUV.WtNSebAdicMVHo0xZpP1b86Hw/guY6hWS6rm', 'user', NULL, '2025-12-24 01:27:36', 'Angel'),
(3, 'a@gmail.com', '$2y$10$R3nMqy0JVhKNwatZ.AIWdO2t6Pf5A2Q5aEC8kTCuDorBMvK6Zy78K', 'user', NULL, '2025-12-24 05:17:48', 'Angel');

--
-- Индексы сохранённых таблиц
--

--
-- Индексы таблицы `comments`
--
ALTER TABLE `comments`
  ADD PRIMARY KEY (`id`),
  ADD KEY `post_id` (`post_id`),
  ADD KEY `user_id` (`user_id`);

--
-- Индексы таблицы `friends`
--
ALTER TABLE `friends`
  ADD PRIMARY KEY (`id`),
  ADD KEY `user_id` (`user_id`),
  ADD KEY `friend_id` (`friend_id`);

--
-- Индексы таблицы `groups`
--
ALTER TABLE `groups`
  ADD PRIMARY KEY (`id`),
  ADD KEY `created_by` (`created_by`);

--
-- Индексы таблицы `likes`
--
ALTER TABLE `likes`
  ADD PRIMARY KEY (`id`),
  ADD UNIQUE KEY `unique_user_post` (`user_id`,`post_id`),
  ADD KEY `post_id` (`post_id`);

--
-- Индексы таблицы `messages`
--
ALTER TABLE `messages`
  ADD PRIMARY KEY (`id`),
  ADD KEY `sender_id` (`sender_id`),
  ADD KEY `receiver_id` (`receiver_id`);

--
-- Индексы таблицы `notifications`
--
ALTER TABLE `notifications`
  ADD PRIMARY KEY (`id`),
  ADD KEY `user_id` (`user_id`);

--
-- Индексы таблицы `posts`
--
ALTER TABLE `posts`
  ADD PRIMARY KEY (`id`),
  ADD KEY `user_id` (`user_id`);

--
-- Индексы таблицы `subscriptions`
--
ALTER TABLE `subscriptions`
  ADD PRIMARY KEY (`id`),
  ADD KEY `user_id` (`user_id`),
  ADD KEY `group_id` (`group_id`);

--
-- Индексы таблицы `themes`
--
ALTER TABLE `themes`
  ADD PRIMARY KEY (`id`);

--
-- Индексы таблицы `users`
--
ALTER TABLE `users`
  ADD PRIMARY KEY (`id`),
  ADD UNIQUE KEY `email` (`email`),
  ADD KEY `theme_id` (`theme_id`);

--
-- AUTO_INCREMENT для сохранённых таблиц
--

--
-- AUTO_INCREMENT для таблицы `comments`
--
ALTER TABLE `comments`
  MODIFY `id` int(11) NOT NULL AUTO_INCREMENT;

--
-- AUTO_INCREMENT для таблицы `friends`
--
ALTER TABLE `friends`
  MODIFY `id` int(11) NOT NULL AUTO_INCREMENT;

--
-- AUTO_INCREMENT для таблицы `groups`
--
ALTER TABLE `groups`
  MODIFY `id` int(11) NOT NULL AUTO_INCREMENT;

--
-- AUTO_INCREMENT для таблицы `likes`
--
ALTER TABLE `likes`
  MODIFY `id` int(11) NOT NULL AUTO_INCREMENT, AUTO_INCREMENT=43;

--
-- AUTO_INCREMENT для таблицы `messages`
--
ALTER TABLE `messages`
  MODIFY `id` int(11) NOT NULL AUTO_INCREMENT, AUTO_INCREMENT=4;

--
-- AUTO_INCREMENT для таблицы `notifications`
--
ALTER TABLE `notifications`
  MODIFY `id` int(11) NOT NULL AUTO_INCREMENT;

--
-- AUTO_INCREMENT для таблицы `posts`
--
ALTER TABLE `posts`
  MODIFY `id` int(11) NOT NULL AUTO_INCREMENT, AUTO_INCREMENT=4;

--
-- AUTO_INCREMENT для таблицы `subscriptions`
--
ALTER TABLE `subscriptions`
  MODIFY `id` int(11) NOT NULL AUTO_INCREMENT;

--
-- AUTO_INCREMENT для таблицы `themes`
--
ALTER TABLE `themes`
  MODIFY `id` int(11) NOT NULL AUTO_INCREMENT;

--
-- AUTO_INCREMENT для таблицы `users`
--
ALTER TABLE `users`
  MODIFY `id` int(11) NOT NULL AUTO_INCREMENT, AUTO_INCREMENT=4;

--
-- Ограничения внешнего ключа сохраненных таблиц
--

--
-- Ограничения внешнего ключа таблицы `comments`
--
ALTER TABLE `comments`
  ADD CONSTRAINT `comments_ibfk_1` FOREIGN KEY (`post_id`) REFERENCES `posts` (`id`) ON DELETE CASCADE,
  ADD CONSTRAINT `comments_ibfk_2` FOREIGN KEY (`user_id`) REFERENCES `users` (`id`) ON DELETE CASCADE;

--
-- Ограничения внешнего ключа таблицы `friends`
--
ALTER TABLE `friends`
  ADD CONSTRAINT `friends_ibfk_1` FOREIGN KEY (`user_id`) REFERENCES `users` (`id`) ON DELETE CASCADE,
  ADD CONSTRAINT `friends_ibfk_2` FOREIGN KEY (`friend_id`) REFERENCES `users` (`id`) ON DELETE CASCADE;

--
-- Ограничения внешнего ключа таблицы `groups`
--
ALTER TABLE `groups`
  ADD CONSTRAINT `groups_ibfk_1` FOREIGN KEY (`created_by`) REFERENCES `users` (`id`) ON DELETE CASCADE;

--
-- Ограничения внешнего ключа таблицы `likes`
--
ALTER TABLE `likes`
  ADD CONSTRAINT `likes_ibfk_1` FOREIGN KEY (`user_id`) REFERENCES `users` (`id`) ON DELETE CASCADE,
  ADD CONSTRAINT `likes_ibfk_2` FOREIGN KEY (`post_id`) REFERENCES `posts` (`id`) ON DELETE CASCADE;

--
-- Ограничения внешнего ключа таблицы `messages`
--
ALTER TABLE `messages`
  ADD CONSTRAINT `messages_ibfk_1` FOREIGN KEY (`sender_id`) REFERENCES `users` (`id`) ON DELETE CASCADE,
  ADD CONSTRAINT `messages_ibfk_2` FOREIGN KEY (`receiver_id`) REFERENCES `users` (`id`) ON DELETE CASCADE;

--
-- Ограничения внешнего ключа таблицы `notifications`
--
ALTER TABLE `notifications`
  ADD CONSTRAINT `notifications_ibfk_1` FOREIGN KEY (`user_id`) REFERENCES `users` (`id`) ON DELETE CASCADE;

--
-- Ограничения внешнего ключа таблицы `posts`
--
ALTER TABLE `posts`
  ADD CONSTRAINT `posts_ibfk_1` FOREIGN KEY (`user_id`) REFERENCES `users` (`id`) ON DELETE CASCADE;

--
-- Ограничения внешнего ключа таблицы `subscriptions`
--
ALTER TABLE `subscriptions`
  ADD CONSTRAINT `subscriptions_ibfk_1` FOREIGN KEY (`user_id`) REFERENCES `users` (`id`) ON DELETE CASCADE,
  ADD CONSTRAINT `subscriptions_ibfk_2` FOREIGN KEY (`group_id`) REFERENCES `groups` (`id`) ON DELETE CASCADE;

--
-- Ограничения внешнего ключа таблицы `users`
--
ALTER TABLE `users`
  ADD CONSTRAINT `users_ibfk_1` FOREIGN KEY (`theme_id`) REFERENCES `themes` (`id`);
COMMIT;

/*!40101 SET CHARACTER_SET_CLIENT=@OLD_CHARACTER_SET_CLIENT */;
/*!40101 SET CHARACTER_SET_RESULTS=@OLD_CHARACTER_SET_RESULTS */;
/*!40101 SET COLLATION_CONNECTION=@OLD_COLLATION_CONNECTION */;
